@comment $OpenBSD: PLIST,v 1.18 2015/04/26 08:25:17 ajacoutot Exp $
@bin bin/stellarium
@man man/man1/stellarium.1
share/appdata/
share/appdata/stellarium.appdata.xml
share/applications/stellarium.desktop
share/icons/hicolor/128x128/apps/stellarium.png
share/icons/hicolor/16x16/apps/stellarium.png
share/icons/hicolor/256x256/apps/stellarium.png
share/icons/hicolor/32x32/apps/stellarium.png
share/icons/hicolor/48x48/apps/stellarium.png
share/icons/hicolor/512x512/apps/stellarium.png
share/icons/hicolor/64x64/apps/stellarium.png
share/pixmaps/
share/pixmaps/stellarium.xpm
share/stellarium/
share/stellarium/data/
share/stellarium/data/DejaVuSans.ttf
share/stellarium/data/DejaVuSansMono.ttf
share/stellarium/data/base_locations.bin.gz
share/stellarium/data/constellations_boundaries.dat
share/stellarium/data/countryCodes.dat
share/stellarium/data/default_config.ini
share/stellarium/data/iso3166-1-alpha-2.utf8
share/stellarium/data/iso639-1.utf8
share/stellarium/data/shaders/
share/stellarium/data/shaders/s3d_cube.frag
share/stellarium/data/shaders/s3d_cube.vert
share/stellarium/data/shaders/s3d_debug.frag
share/stellarium/data/shaders/s3d_debug.vert
share/stellarium/data/shaders/s3d_pixellit.frag
share/stellarium/data/shaders/s3d_pixellit.geom
share/stellarium/data/shaders/s3d_pixellit.vert
share/stellarium/data/shaders/s3d_pixellit_es.frag
share/stellarium/data/shaders/s3d_texture.frag
share/stellarium/data/shaders/s3d_texture.vert
share/stellarium/data/shaders/s3d_transform.frag
share/stellarium/data/shaders/s3d_transform.vert
share/stellarium/data/shaders/s3d_vertexlit.frag
share/stellarium/data/shaders/s3d_vertexlit.geom
share/stellarium/data/shaders/s3d_vertexlit.vert
share/stellarium/data/ssystem.ini
share/stellarium/data/ssystem_1000comets.ini
share/stellarium/data/stellarium.ico
share/stellarium/data/updates.json
share/stellarium/landscapes/
share/stellarium/landscapes/garching/
share/stellarium/landscapes/garching/description.ar.utf8
share/stellarium/landscapes/garching/description.be.utf8
share/stellarium/landscapes/garching/description.bg.utf8
share/stellarium/landscapes/garching/description.de.utf8
share/stellarium/landscapes/garching/description.en.utf8
share/stellarium/landscapes/garching/description.fr.utf8
share/stellarium/landscapes/garching/description.hu.utf8
share/stellarium/landscapes/garching/description.nb.utf8
share/stellarium/landscapes/garching/description.pt_BR.utf8
share/stellarium/landscapes/garching/description.ru.utf8
share/stellarium/landscapes/garching/description.uk.utf8
share/stellarium/landscapes/garching/fogridge.png
share/stellarium/landscapes/garching/garching-gl1.png
share/stellarium/landscapes/garching/garching-gl2.png
share/stellarium/landscapes/garching/garching-gl3.png
share/stellarium/landscapes/garching/garching-gl4.png
share/stellarium/landscapes/garching/garching-ground3.png
share/stellarium/landscapes/garching/landscape.ini
share/stellarium/landscapes/geneva/
share/stellarium/landscapes/geneva/description.ar.utf8
share/stellarium/landscapes/geneva/description.de.utf8
share/stellarium/landscapes/geneva/description.en.utf8
share/stellarium/landscapes/geneva/description.fr.utf8
share/stellarium/landscapes/geneva/description.hu.utf8
share/stellarium/landscapes/geneva/description.pt_BR.utf8
share/stellarium/landscapes/geneva/description.ru.utf8
share/stellarium/landscapes/geneva/description.uk.utf8
share/stellarium/landscapes/geneva/horizon_Geneve.txt
share/stellarium/landscapes/geneva/landscape.ini
share/stellarium/landscapes/grossmugl/
share/stellarium/landscapes/grossmugl/description.ar.utf8
share/stellarium/landscapes/grossmugl/description.de.utf8
share/stellarium/landscapes/grossmugl/description.en.utf8
share/stellarium/landscapes/grossmugl/description.fr.utf8
share/stellarium/landscapes/grossmugl/description.hu.utf8
share/stellarium/landscapes/grossmugl/description.pt_BR.utf8
share/stellarium/landscapes/grossmugl/description.ru.utf8
share/stellarium/landscapes/grossmugl/description.uk.utf8
share/stellarium/landscapes/grossmugl/grossmugl_leeberg_crop11.25_2048.png
share/stellarium/landscapes/grossmugl/grossmugl_leeberg_fog_crop22.5_w512.png
share/stellarium/landscapes/grossmugl/grossmugl_leeberg_illum_crop0_2048.png
share/stellarium/landscapes/grossmugl/landscape.ini
share/stellarium/landscapes/guereins/
share/stellarium/landscapes/guereins/description.ar.utf8
share/stellarium/landscapes/guereins/description.be.utf8
share/stellarium/landscapes/guereins/description.bg.utf8
share/stellarium/landscapes/guereins/description.de.utf8
share/stellarium/landscapes/guereins/description.en.utf8
share/stellarium/landscapes/guereins/description.fr.utf8
share/stellarium/landscapes/guereins/description.hu.utf8
share/stellarium/landscapes/guereins/description.nb.utf8
share/stellarium/landscapes/guereins/description.pt_BR.utf8
share/stellarium/landscapes/guereins/description.ru.utf8
share/stellarium/landscapes/guereins/description.uk.utf8
share/stellarium/landscapes/guereins/fog.png
share/stellarium/landscapes/guereins/guereins1.png
share/stellarium/landscapes/guereins/guereins2.png
share/stellarium/landscapes/guereins/guereins3.png
share/stellarium/landscapes/guereins/guereins4.png
share/stellarium/landscapes/guereins/guereins5.png
share/stellarium/landscapes/guereins/guereins6.png
share/stellarium/landscapes/guereins/guereins7.png
share/stellarium/landscapes/guereins/guereins8-lgt.png
share/stellarium/landscapes/guereins/guereins8.png
share/stellarium/landscapes/guereins/guereinsb.png
share/stellarium/landscapes/guereins/landscape.ini
share/stellarium/landscapes/hurricane/
share/stellarium/landscapes/hurricane/description.ar.utf8
share/stellarium/landscapes/hurricane/description.be.utf8
share/stellarium/landscapes/hurricane/description.bg.utf8
share/stellarium/landscapes/hurricane/description.de.utf8
share/stellarium/landscapes/hurricane/description.en.utf8
share/stellarium/landscapes/hurricane/description.fr.utf8
share/stellarium/landscapes/hurricane/description.hu.utf8
share/stellarium/landscapes/hurricane/description.nb.utf8
share/stellarium/landscapes/hurricane/description.pt_BR.utf8
share/stellarium/landscapes/hurricane/description.ru.utf8
share/stellarium/landscapes/hurricane/description.uk.utf8
share/stellarium/landscapes/hurricane/fogridge.png
share/stellarium/landscapes/hurricane/hurricane1.png
share/stellarium/landscapes/hurricane/hurricane2.png
share/stellarium/landscapes/hurricane/hurricane3.png
share/stellarium/landscapes/hurricane/hurricane4.png
share/stellarium/landscapes/hurricane/hurricane5.png
share/stellarium/landscapes/hurricane/hurricane6.png
share/stellarium/landscapes/hurricane/hurricane7.png
share/stellarium/landscapes/hurricane/hurricane8.png
share/stellarium/landscapes/hurricane/hurricaneb.png
share/stellarium/landscapes/hurricane/landscape.ini
share/stellarium/landscapes/jupiter/
share/stellarium/landscapes/jupiter/description.ar.utf8
share/stellarium/landscapes/jupiter/description.be.utf8
share/stellarium/landscapes/jupiter/description.en.utf8
share/stellarium/landscapes/jupiter/description.fr.utf8
share/stellarium/landscapes/jupiter/description.hu.utf8
share/stellarium/landscapes/jupiter/description.pt_BR.utf8
share/stellarium/landscapes/jupiter/description.ru.utf8
share/stellarium/landscapes/jupiter/description.uk.utf8
share/stellarium/landscapes/jupiter/jupiter-256.png
share/stellarium/landscapes/jupiter/landscape.ini
share/stellarium/landscapes/mars/
share/stellarium/landscapes/mars/description.ar.utf8
share/stellarium/landscapes/mars/description.be.utf8
share/stellarium/landscapes/mars/description.bg.utf8
share/stellarium/landscapes/mars/description.de.utf8
share/stellarium/landscapes/mars/description.en.utf8
share/stellarium/landscapes/mars/description.fr.utf8
share/stellarium/landscapes/mars/description.hu.utf8
share/stellarium/landscapes/mars/description.nb.utf8
share/stellarium/landscapes/mars/description.pt_BR.utf8
share/stellarium/landscapes/mars/description.ru.utf8
share/stellarium/landscapes/mars/description.uk.utf8
share/stellarium/landscapes/mars/landscape.ini
share/stellarium/landscapes/mars/mars.png
share/stellarium/landscapes/moon/
share/stellarium/landscapes/moon/apollo17.png
share/stellarium/landscapes/moon/description.ar.utf8
share/stellarium/landscapes/moon/description.be.utf8
share/stellarium/landscapes/moon/description.bg.utf8
share/stellarium/landscapes/moon/description.de.utf8
share/stellarium/landscapes/moon/description.en.utf8
share/stellarium/landscapes/moon/description.fr.utf8
share/stellarium/landscapes/moon/description.hu.utf8
share/stellarium/landscapes/moon/description.nb.utf8
share/stellarium/landscapes/moon/description.pt_BR.utf8
share/stellarium/landscapes/moon/description.ru.utf8
share/stellarium/landscapes/moon/description.uk.utf8
share/stellarium/landscapes/moon/landscape.ini
share/stellarium/landscapes/neptune/
share/stellarium/landscapes/neptune/description.ar.utf8
share/stellarium/landscapes/neptune/description.be.utf8
share/stellarium/landscapes/neptune/description.en.utf8
share/stellarium/landscapes/neptune/description.fr.utf8
share/stellarium/landscapes/neptune/description.hu.utf8
share/stellarium/landscapes/neptune/description.pt_BR.utf8
share/stellarium/landscapes/neptune/description.ru.utf8
share/stellarium/landscapes/neptune/description.uk.utf8
share/stellarium/landscapes/neptune/landscape.ini
share/stellarium/landscapes/neptune/neptune-256.png
share/stellarium/landscapes/ocean/
share/stellarium/landscapes/ocean/description.ar.utf8
share/stellarium/landscapes/ocean/description.be.utf8
share/stellarium/landscapes/ocean/description.bg.utf8
share/stellarium/landscapes/ocean/description.de.utf8
share/stellarium/landscapes/ocean/description.en.utf8
share/stellarium/landscapes/ocean/description.fr.utf8
share/stellarium/landscapes/ocean/description.hu.utf8
share/stellarium/landscapes/ocean/description.nb.utf8
share/stellarium/landscapes/ocean/description.pt_BR.utf8
share/stellarium/landscapes/ocean/description.ru.utf8
share/stellarium/landscapes/ocean/description.uk.utf8
share/stellarium/landscapes/ocean/fog.png
share/stellarium/landscapes/ocean/landscape.ini
share/stellarium/landscapes/ocean/ocean1.png
share/stellarium/landscapes/ocean/ocean2.png
share/stellarium/landscapes/ocean/ocean3.png
share/stellarium/landscapes/ocean/ocean4.png
share/stellarium/landscapes/ocean/ocean5.png
share/stellarium/landscapes/ocean/ocean6.png
share/stellarium/landscapes/ocean/ocean7.png
share/stellarium/landscapes/ocean/ocean8.png
share/stellarium/landscapes/ocean/ocean9.png
share/stellarium/landscapes/saturn/
share/stellarium/landscapes/saturn/description.ar.utf8
share/stellarium/landscapes/saturn/description.be.utf8
share/stellarium/landscapes/saturn/description.bg.utf8
share/stellarium/landscapes/saturn/description.de.utf8
share/stellarium/landscapes/saturn/description.en.utf8
share/stellarium/landscapes/saturn/description.fr.utf8
share/stellarium/landscapes/saturn/description.hu.utf8
share/stellarium/landscapes/saturn/description.nb.utf8
share/stellarium/landscapes/saturn/description.pt_BR.utf8
share/stellarium/landscapes/saturn/description.ru.utf8
share/stellarium/landscapes/saturn/description.uk.utf8
share/stellarium/landscapes/saturn/landscape.ini
share/stellarium/landscapes/saturn/saturn-256.png
share/stellarium/landscapes/trees/
share/stellarium/landscapes/trees/description.ar.utf8
share/stellarium/landscapes/trees/description.be.utf8
share/stellarium/landscapes/trees/description.bg.utf8
share/stellarium/landscapes/trees/description.de.utf8
share/stellarium/landscapes/trees/description.en.utf8
share/stellarium/landscapes/trees/description.fr.utf8
share/stellarium/landscapes/trees/description.hu.utf8
share/stellarium/landscapes/trees/description.nb.utf8
share/stellarium/landscapes/trees/description.pt_BR.utf8
share/stellarium/landscapes/trees/description.ru.utf8
share/stellarium/landscapes/trees/description.uk.utf8
share/stellarium/landscapes/trees/landscape.ini
share/stellarium/landscapes/trees/trees_512.png
share/stellarium/landscapes/trees/trees_fog_512.png
share/stellarium/landscapes/trees/trees_illum_512.png
share/stellarium/landscapes/uranus/
share/stellarium/landscapes/uranus/description.ar.utf8
share/stellarium/landscapes/uranus/description.be.utf8
share/stellarium/landscapes/uranus/description.en.utf8
share/stellarium/landscapes/uranus/description.fr.utf8
share/stellarium/landscapes/uranus/description.hu.utf8
share/stellarium/landscapes/uranus/description.pt_BR.utf8
share/stellarium/landscapes/uranus/description.ru.utf8
share/stellarium/landscapes/uranus/description.uk.utf8
share/stellarium/landscapes/uranus/landscape.ini
share/stellarium/landscapes/uranus/uranus-256.png
share/stellarium/landscapes/zero/
share/stellarium/landscapes/zero/description.ar.utf8
share/stellarium/landscapes/zero/description.de.utf8
share/stellarium/landscapes/zero/description.en.utf8
share/stellarium/landscapes/zero/description.fr.utf8
share/stellarium/landscapes/zero/description.hu.utf8
share/stellarium/landscapes/zero/description.ru.utf8
share/stellarium/landscapes/zero/description.uk.utf8
share/stellarium/landscapes/zero/landscape.ini
share/stellarium/landscapes/zero/zero_horizon.txt
share/stellarium/nebulae/
share/stellarium/nebulae/default/
share/stellarium/nebulae/default/BarnardCat_tabbed.txt
share/stellarium/nebulae/default/LBNCat_tabbed.txt
share/stellarium/nebulae/default/LDNCat_tabbed.txt
share/stellarium/nebulae/default/RCWCat_tabbed.txt
share/stellarium/nebulae/default/SharplessCat_tabbed.txt
share/stellarium/nebulae/default/VandenBerghCat_tabbed.txt
share/stellarium/nebulae/default/barnard142-vasey.png
share/stellarium/nebulae/default/barnard173-vasey.png
share/stellarium/nebulae/default/barnard22-vasey.png
share/stellarium/nebulae/default/etaCarinae_gzotti.png
share/stellarium/nebulae/default/ic1805.png
share/stellarium/nebulae/default/ic1848.png
share/stellarium/nebulae/default/ic2118.png
share/stellarium/nebulae/default/ic2944-virgo.png
share/stellarium/nebulae/default/ic2948-trev.png
share/stellarium/nebulae/default/ic405-vasey.png
share/stellarium/nebulae/default/ic434-marc.png
share/stellarium/nebulae/default/ic443-vasey.png
share/stellarium/nebulae/default/ic4592-virgo.png
share/stellarium/nebulae/default/ic4601-virgo.png
share/stellarium/nebulae/default/ic4628-trev.png
share/stellarium/nebulae/default/ic5146.png
share/stellarium/nebulae/default/lmc_moshdr-1.png
share/stellarium/nebulae/default/lmc_moshdr-2.png
share/stellarium/nebulae/default/lmc_moshdr-3.png
share/stellarium/nebulae/default/lmc_moshdr-4.png
share/stellarium/nebulae/default/m10.png
share/stellarium/nebulae/default/m100.png
share/stellarium/nebulae/default/m101-vasey.png
share/stellarium/nebulae/default/m102.png
share/stellarium/nebulae/default/m103.png
share/stellarium/nebulae/default/m104.png
share/stellarium/nebulae/default/m105-vasey.png
share/stellarium/nebulae/default/m106.png
share/stellarium/nebulae/default/m107.png
share/stellarium/nebulae/default/m108.png
share/stellarium/nebulae/default/m109.png
share/stellarium/nebulae/default/m11.png
share/stellarium/nebulae/default/m110.png
share/stellarium/nebulae/default/m12.png
share/stellarium/nebulae/default/m13-vasey.png
share/stellarium/nebulae/default/m14.png
share/stellarium/nebulae/default/m15dumont.png
share/stellarium/nebulae/default/m16dumont.png
share/stellarium/nebulae/default/m17spano.png
share/stellarium/nebulae/default/m18.png
share/stellarium/nebulae/default/m19.png
share/stellarium/nebulae/default/m1dumont.png
share/stellarium/nebulae/default/m2.png
share/stellarium/nebulae/default/m20-trev.png
share/stellarium/nebulae/default/m21-trev.png
share/stellarium/nebulae/default/m22.png
share/stellarium/nebulae/default/m23.png
share/stellarium/nebulae/default/m24.png
share/stellarium/nebulae/default/m25.png
share/stellarium/nebulae/default/m26.png
share/stellarium/nebulae/default/m27dumont.png
share/stellarium/nebulae/default/m28.png
share/stellarium/nebulae/default/m29.png
share/stellarium/nebulae/default/m3-vasey.png
share/stellarium/nebulae/default/m30.png
share/stellarium/nebulae/default/m31.png
share/stellarium/nebulae/default/m33bousquet.png
share/stellarium/nebulae/default/m34.png
share/stellarium/nebulae/default/m35.png
share/stellarium/nebulae/default/m36.png
share/stellarium/nebulae/default/m37.png
share/stellarium/nebulae/default/m38.png
share/stellarium/nebulae/default/m39-dss.png
share/stellarium/nebulae/default/m4.png
share/stellarium/nebulae/default/m41.png
share/stellarium/nebulae/default/m42dumont.png
share/stellarium/nebulae/default/m44spano.png
share/stellarium/nebulae/default/m46.png
share/stellarium/nebulae/default/m47-trev.png
share/stellarium/nebulae/default/m48.png
share/stellarium/nebulae/default/m49.png
share/stellarium/nebulae/default/m5.png
share/stellarium/nebulae/default/m50.png
share/stellarium/nebulae/default/m51-vasey.png
share/stellarium/nebulae/default/m52.png
share/stellarium/nebulae/default/m53.png
share/stellarium/nebulae/default/m54.png
share/stellarium/nebulae/default/m55.png
share/stellarium/nebulae/default/m56.png
share/stellarium/nebulae/default/m57dumont.png
share/stellarium/nebulae/default/m58.png
share/stellarium/nebulae/default/m59.png
share/stellarium/nebulae/default/m6.png
share/stellarium/nebulae/default/m60.png
share/stellarium/nebulae/default/m61.png
share/stellarium/nebulae/default/m62.png
share/stellarium/nebulae/default/m63-vasey.png
share/stellarium/nebulae/default/m64-vasey.png
share/stellarium/nebulae/default/m65.png
share/stellarium/nebulae/default/m66.png
share/stellarium/nebulae/default/m67.png
share/stellarium/nebulae/default/m68.png
share/stellarium/nebulae/default/m69.png
share/stellarium/nebulae/default/m7.png
share/stellarium/nebulae/default/m70.png
share/stellarium/nebulae/default/m71.png
share/stellarium/nebulae/default/m72.png
share/stellarium/nebulae/default/m73.png
share/stellarium/nebulae/default/m74-vasey.png
share/stellarium/nebulae/default/m75.png
share/stellarium/nebulae/default/m76.png
share/stellarium/nebulae/default/m77-dss.png
share/stellarium/nebulae/default/m78-vasey.png
share/stellarium/nebulae/default/m79.png
share/stellarium/nebulae/default/m80.png
share/stellarium/nebulae/default/m81-vasey.png
share/stellarium/nebulae/default/m82-vasey.png
share/stellarium/nebulae/default/m83.png
share/stellarium/nebulae/default/m84.png
share/stellarium/nebulae/default/m85.png
share/stellarium/nebulae/default/m86.png
share/stellarium/nebulae/default/m87.png
share/stellarium/nebulae/default/m88-dss.png
share/stellarium/nebulae/default/m89.png
share/stellarium/nebulae/default/m8bousquet.png
share/stellarium/nebulae/default/m9.png
share/stellarium/nebulae/default/m90.png
share/stellarium/nebulae/default/m91.png
share/stellarium/nebulae/default/m92.png
share/stellarium/nebulae/default/m93.png
share/stellarium/nebulae/default/m94.png
share/stellarium/nebulae/default/m95.png
share/stellarium/nebulae/default/m96-vasey.png
share/stellarium/nebulae/default/m97dumont.png
share/stellarium/nebulae/default/m98.png
share/stellarium/nebulae/default/m99.png
share/stellarium/nebulae/default/n104.png
share/stellarium/nebulae/default/n1333oleg.png
share/stellarium/nebulae/default/n1365.png
share/stellarium/nebulae/default/n1499bousquet.png
share/stellarium/nebulae/default/n1514-vasey.png
share/stellarium/nebulae/default/n1532-darkskies.png
share/stellarium/nebulae/default/n1961-vasey.png
share/stellarium/nebulae/default/n2070-philip.png
share/stellarium/nebulae/default/n2244bousquet.png
share/stellarium/nebulae/default/n2371-vasey.png
share/stellarium/nebulae/default/n2403-vasey.png
share/stellarium/nebulae/default/n246-vasey.png
share/stellarium/nebulae/default/n2467-trev.png
share/stellarium/nebulae/default/n253bousquet.png
share/stellarium/nebulae/default/n281kepler.png
share/stellarium/nebulae/default/n2841-vasey.png
share/stellarium/nebulae/default/n2903oleg.png
share/stellarium/nebulae/default/n300.png
share/stellarium/nebulae/default/n3190oleg.png
share/stellarium/nebulae/default/n3310-vasey.png
share/stellarium/nebulae/default/n3324-n3293-trev.png
share/stellarium/nebulae/default/n3628.png
share/stellarium/nebulae/default/n3718oleg.png
share/stellarium/nebulae/default/n3938-vasey.png
share/stellarium/nebulae/default/n4038-9-dss.png
share/stellarium/nebulae/default/n4438-mtod.png
share/stellarium/nebulae/default/n4490oleg.png
share/stellarium/nebulae/default/n4559-vasey.png
share/stellarium/nebulae/default/n4945.png
share/stellarium/nebulae/default/n5128.png
share/stellarium/nebulae/default/n5139kepler.png
share/stellarium/nebulae/default/n55.png
share/stellarium/nebulae/default/n5982oleg.png
share/stellarium/nebulae/default/n6543kepler.png
share/stellarium/nebulae/default/n6726.png
share/stellarium/nebulae/default/n6744.png
share/stellarium/nebulae/default/n6752.png
share/stellarium/nebulae/default/n6822.png
share/stellarium/nebulae/default/n6888_dn.png
share/stellarium/nebulae/default/n6946dumont.png
share/stellarium/nebulae/default/n6960kepler.png
share/stellarium/nebulae/default/n7008-vasey.png
share/stellarium/nebulae/default/n7023kepler.png
share/stellarium/nebulae/default/n7129oleg.png
share/stellarium/nebulae/default/n7293.png
share/stellarium/nebulae/default/n7318-vasey.png
share/stellarium/nebulae/default/n7331-vasey.png
share/stellarium/nebulae/default/n7380-vasey.png
share/stellarium/nebulae/default/n7479-vasey.png
share/stellarium/nebulae/default/n7590-trev.png
share/stellarium/nebulae/default/n7635-vasey.png
share/stellarium/nebulae/default/n869-884spano.png
share/stellarium/nebulae/default/n891oleg.png
share/stellarium/nebulae/default/nebula_textures.fab
share/stellarium/nebulae/default/ngc2000.dat
share/stellarium/nebulae/default/ngc2000names.dat
share/stellarium/nebulae/default/pleiades.png
share/stellarium/nebulae/default/rcw158-trev.png
share/stellarium/nebulae/default/rho-a00.png
share/stellarium/nebulae/default/rho-a01.png
share/stellarium/nebulae/default/rho-a10.png
share/stellarium/nebulae/default/rho-a11.png
share/stellarium/nebulae/default/sh2-101-vasey.png
share/stellarium/nebulae/default/smc29-1.png
share/stellarium/nebulae/default/smc29-2.png
share/stellarium/nebulae/default/smc29-3.png
share/stellarium/nebulae/default/smc29-4.png
share/stellarium/nebulae/default/textures.json
share/stellarium/scenery3d/
share/stellarium/scenery3d/Sterngarten/
share/stellarium/scenery3d/Sterngarten/Sterngarten_20100320.png
share/stellarium/scenery3d/Sterngarten/Sterngarten_Wien_innerArea/
share/stellarium/scenery3d/Sterngarten/Sterngarten_Wien_innerArea-optimized.mtl
share/stellarium/scenery3d/Sterngarten/Sterngarten_Wien_innerArea-optimized.obj.gz
share/stellarium/scenery3d/Sterngarten/Sterngarten_Wien_innerArea/Concrete_White.jpg
share/stellarium/scenery3d/Sterngarten/Sterngarten_Wien_innerArea/Fencing_Mesh.png
share/stellarium/scenery3d/Sterngarten/Sterngarten_Wien_innerArea/Google_Earth_Snapshot_1.jpg
share/stellarium/scenery3d/Sterngarten/Sterngarten_Wien_innerArea/Metal_Aluminum_Anodized.jpg
share/stellarium/scenery3d/Sterngarten/Sterngarten_Wien_innerArea/Metal_Brushed.jpg
share/stellarium/scenery3d/Sterngarten/Sterngarten_Wien_innerArea/Metal_Corrogated_Shiny_90.jpg
share/stellarium/scenery3d/Sterngarten/Sterngarten_Wien_innerArea/Metal_Rough.jpg
share/stellarium/scenery3d/Sterngarten/Sterngarten_Wien_innerArea/Metal_Seamed.jpg
share/stellarium/scenery3d/Sterngarten/Sterngarten_Wien_innerArea/Tafel_Sterngarten.jpg
share/stellarium/scenery3d/Sterngarten/Sterngarten_Wien_innerArea/Tafel_Wienplan.jpg
share/stellarium/scenery3d/Sterngarten/Sterngarten_Wien_innerArea/Ungeziffer.png
share/stellarium/scenery3d/Sterngarten/Sterngarten_Wien_innerArea/Vegetation_Bark_Birch1.jpg
share/stellarium/scenery3d/Sterngarten/Sterngarten_Wien_innerArea/Vegetation_Juniper2.jpg
share/stellarium/scenery3d/Sterngarten/Sterngarten_Wien_innerArea/abedul.png
share/stellarium/scenery3d/Sterngarten/Sterngarten_Wien_innerArea/hawthorne.png
share/stellarium/scenery3d/Sterngarten/Sterngarten_Wien_innerArea_ground.mtl
share/stellarium/scenery3d/Sterngarten/Sterngarten_Wien_innerArea_ground.obj
share/stellarium/scenery3d/Sterngarten/description.de.utf8
share/stellarium/scenery3d/Sterngarten/description.en.utf8
share/stellarium/scenery3d/Sterngarten/description.ru.utf8
share/stellarium/scenery3d/Sterngarten/scenery3d.ini
share/stellarium/scenery3d/Sterngarten/viewpoints.ini
share/stellarium/scenery3d/Testscene/
share/stellarium/scenery3d/Testscene/Stellarium-Testscene_ground.mtl
share/stellarium/scenery3d/Testscene/Stellarium-Testscene_ground.obj
share/stellarium/scenery3d/Testscene/Stellarium-Testscene_withGrid_Bump-separateSpheres.mtl
share/stellarium/scenery3d/Testscene/Stellarium-Testscene_withGrid_Bump-separateSpheres.obj.gz
share/stellarium/scenery3d/Testscene/TX_Stellarium-Testscene/
share/stellarium/scenery3d/Testscene/TX_Stellarium-Testscene/Bodenbelag_Schotter_Indisch.jpg
share/stellarium/scenery3d/Testscene/TX_Stellarium-Testscene/Bodenbelag_Stein_Schotter_5cm.jpg
share/stellarium/scenery3d/Testscene/TX_Stellarium-Testscene/Stein_Mauerwerk_mehrfarbig.jpg
share/stellarium/scenery3d/Testscene/TX_Stellarium-Testscene/Stein_Platte_Quaderstein.jpg
share/stellarium/scenery3d/Testscene/TX_Stellarium-Testscene_withGrid/
share/stellarium/scenery3d/Testscene/TX_Stellarium-Testscene_withGrid/Bodenbelag_Stein_Schotter_5cm.png
share/stellarium/scenery3d/Testscene/TX_Stellarium-Testscene_withGrid/Bodenbelag_Stein_Schotter_5cm_bump.png
share/stellarium/scenery3d/Testscene/TX_Stellarium-Testscene_withGrid/Bodenbelag_Stein_Schotter_5cm_bump_dontUse.jpg
share/stellarium/scenery3d/Testscene/TX_Stellarium-Testscene_withGrid/Bodenbelag_Stein_Schotter_5cm_dontUse.jpg
share/stellarium/scenery3d/Testscene/TX_Stellarium-Testscene_withGrid/Square100m.png
share/stellarium/scenery3d/Testscene/TX_Stellarium-Testscene_withGrid/Square100m_bump.png
share/stellarium/scenery3d/Testscene/TX_Stellarium-Testscene_withGrid/Square100m_bump_dontUse.png
share/stellarium/scenery3d/Testscene/TX_Stellarium-Testscene_withGrid/Stein_Mauerwerk_mehrfarbig.png
share/stellarium/scenery3d/Testscene/TX_Stellarium-Testscene_withGrid/Stein_Mauerwerk_mehrfarbig_bump.png
share/stellarium/scenery3d/Testscene/TX_Stellarium-Testscene_withGrid/Stein_Mauerwerk_mehrfarbig_bump_dontUse.jpg
share/stellarium/scenery3d/Testscene/TX_Stellarium-Testscene_withGrid/Stein_Mauerwerk_mehrfarbig_dontUse.jpg
share/stellarium/scenery3d/Testscene/TX_Stellarium-Testscene_withGrid/Stein_Mauerwerk_mehrfarbig_height.png
share/stellarium/scenery3d/Testscene/TX_Stellarium-Testscene_withGrid/Stein_Platte_Quaderstein.png
share/stellarium/scenery3d/Testscene/TX_Stellarium-Testscene_withGrid/Stein_Platte_Quaderstein_bump.png
share/stellarium/scenery3d/Testscene/TX_Stellarium-Testscene_withGrid/Stein_Platte_Quaderstein_bump_dontUse.jpg
share/stellarium/scenery3d/Testscene/TX_Stellarium-Testscene_withGrid/Stein_Platte_Quaderstein_dontUse.jpg
share/stellarium/scenery3d/Testscene/scenery3d.ini
share/stellarium/scripts/
share/stellarium/scripts/analemma.ssc
share/stellarium/scripts/common_objects.inc
share/stellarium/scripts/constellations_tour.ssc
share/stellarium/scripts/earth_1.ssc
share/stellarium/scripts/earth_2.ssc
share/stellarium/scripts/earth_3.ssc
share/stellarium/scripts/earth_4.ssc
share/stellarium/scripts/earth_5.ssc
share/stellarium/scripts/earth_6.ssc
share/stellarium/scripts/landscapes.ssc
share/stellarium/scripts/lunar_partial.ssc
share/stellarium/scripts/lunar_total.ssc
share/stellarium/scripts/phobos_phun_1.ssc
share/stellarium/scripts/phobos_phun_2.ssc
share/stellarium/scripts/phobos_phun_3.ssc
share/stellarium/scripts/phobos_phun_4.ssc
share/stellarium/scripts/phobos_phun_5.ssc
share/stellarium/scripts/screensaver.ssc
share/stellarium/scripts/sky_cultures.ssc
share/stellarium/scripts/solar_eclipse.ssc
share/stellarium/scripts/solar_system_screensaver.ssc
share/stellarium/scripts/startup.ssc
share/stellarium/scripts/sun.ssc
share/stellarium/scripts/supernova.ssc
share/stellarium/scripts/transit_of_venus.ssc
share/stellarium/scripts/triple_sunrise_and_sunsets.ssc
share/stellarium/scripts/zodiac.ssc
share/stellarium/skycultures/
share/stellarium/skycultures/arabic/
share/stellarium/skycultures/arabic/Bearer-of-the-Demons-Head.png
share/stellarium/skycultures/arabic/Book_of_Fixed_Stars3.png
share/stellarium/skycultures/arabic/CentaurAndThe-Beast-of-Prey.png
share/stellarium/skycultures/arabic/Cetus.png
share/stellarium/skycultures/arabic/Inflammatus.png
share/stellarium/skycultures/arabic/Part-of-the-Horse.png
share/stellarium/skycultures/arabic/The-Archer.png
share/stellarium/skycultures/arabic/The-Arrow.png
share/stellarium/skycultures/arabic/The-Balance.png
share/stellarium/skycultures/arabic/The-Brave.png
share/stellarium/skycultures/arabic/The-Bull.png
share/stellarium/skycultures/arabic/The-Censer.png
share/stellarium/skycultures/arabic/The-Crab.png
share/stellarium/skycultures/arabic/The-Dolphin.png
share/stellarium/skycultures/arabic/The-Dragon.png
share/stellarium/skycultures/arabic/The-Eagle.png
share/stellarium/skycultures/arabic/The-Giant.png
share/stellarium/skycultures/arabic/The-Great-Cup.png
share/stellarium/skycultures/arabic/The-Great-Horse.png
share/stellarium/skycultures/arabic/The-Greater-Bear.png
share/stellarium/skycultures/arabic/The-Greater-Dog.png
share/stellarium/skycultures/arabic/The-Hare.png
share/stellarium/skycultures/arabic/The-Hen.png
share/stellarium/skycultures/arabic/The-Howler.png
share/stellarium/skycultures/arabic/The-Kneeling-Man.png
share/stellarium/skycultures/arabic/The-Lesser-Bear.png
share/stellarium/skycultures/arabic/The-Lesser-Dog.png
share/stellarium/skycultures/arabic/The-Lion.png
share/stellarium/skycultures/arabic/The-Maiden.png
share/stellarium/skycultures/arabic/The-Northern-Crown.png
share/stellarium/skycultures/arabic/The-Ram.png
share/stellarium/skycultures/arabic/The-Raven.png
share/stellarium/skycultures/arabic/The-Reins-holder.png
share/stellarium/skycultures/arabic/The-River.png
share/stellarium/skycultures/arabic/The-Scorpion.png
share/stellarium/skycultures/arabic/The-Shackled-Woman.png
share/stellarium/skycultures/arabic/The-Ship.png
share/stellarium/skycultures/arabic/The-Snake-Charmer.png
share/stellarium/skycultures/arabic/The-Southern-Crown.png
share/stellarium/skycultures/arabic/The-Southern-Whale.png
share/stellarium/skycultures/arabic/The-Triangle.png
share/stellarium/skycultures/arabic/The-Turtle.png
share/stellarium/skycultures/arabic/The-Twins.png
share/stellarium/skycultures/arabic/The-Well-bucket.png
share/stellarium/skycultures/arabic/The-Whale.png
share/stellarium/skycultures/arabic/The-Young-Goat.png
share/stellarium/skycultures/arabic/Who-Lady-Has-Chair.png
share/stellarium/skycultures/arabic/al_sufi_altre_006_copia.png
share/stellarium/skycultures/arabic/constellation_names.eng.fab
share/stellarium/skycultures/arabic/constellation_names.exp.fab
share/stellarium/skycultures/arabic/constellations_boundaries.dat
share/stellarium/skycultures/arabic/constellationsart.fab
share/stellarium/skycultures/arabic/constellationship.fab
share/stellarium/skycultures/arabic/description.ar.utf8
share/stellarium/skycultures/arabic/description.be.utf8
share/stellarium/skycultures/arabic/description.de.utf8
share/stellarium/skycultures/arabic/description.en.utf8
share/stellarium/skycultures/arabic/description.fr.utf8
share/stellarium/skycultures/arabic/description.hu.utf8
share/stellarium/skycultures/arabic/description.pt_BR.utf8
share/stellarium/skycultures/arabic/description.ru.utf8
share/stellarium/skycultures/arabic/description.uk.utf8
share/stellarium/skycultures/arabic/info.ini
share/stellarium/skycultures/arabic/star_names.fab
share/stellarium/skycultures/arabic_moon_stations/
share/stellarium/skycultures/arabic_moon_stations/constellation_names.eng.fab
share/stellarium/skycultures/arabic_moon_stations/constellations_boundaries.dat
share/stellarium/skycultures/arabic_moon_stations/constellationship.fab
share/stellarium/skycultures/arabic_moon_stations/description.ar.utf8
share/stellarium/skycultures/arabic_moon_stations/description.en.utf8
share/stellarium/skycultures/arabic_moon_stations/description.ru.utf8
share/stellarium/skycultures/arabic_moon_stations/description.uk.utf8
share/stellarium/skycultures/arabic_moon_stations/info.ini
share/stellarium/skycultures/arabic_moon_stations/star_names.fab
share/stellarium/skycultures/aztec/
share/stellarium/skycultures/aztec/Primeros_Memoriales.png
share/stellarium/skycultures/aztec/Tianquiztli_T.png
share/stellarium/skycultures/aztec/aztec0.png
share/stellarium/skycultures/aztec/citlaltlachtli.png
share/stellarium/skycultures/aztec/citlaltlachtli_t.png
share/stellarium/skycultures/aztec/colotlixayac.png
share/stellarium/skycultures/aztec/colotlixayac_image.png
share/stellarium/skycultures/aztec/colotlixayac_t.png
share/stellarium/skycultures/aztec/constellation_names.eng.fab
share/stellarium/skycultures/aztec/constellation_names.esp.fab
share/stellarium/skycultures/aztec/constellations_boundaries.dat
share/stellarium/skycultures/aztec/constellationsart.fab
share/stellarium/skycultures/aztec/constellationship.fab
share/stellarium/skycultures/aztec/description.ar.utf8
share/stellarium/skycultures/aztec/description.be.utf8
share/stellarium/skycultures/aztec/description.de.utf8
share/stellarium/skycultures/aztec/description.en.utf8
share/stellarium/skycultures/aztec/description.es.utf8
share/stellarium/skycultures/aztec/description.fr.utf8
share/stellarium/skycultures/aztec/description.hu.utf8
share/stellarium/skycultures/aztec/description.pt_BR.utf8
share/stellarium/skycultures/aztec/description.ru.utf8
share/stellarium/skycultures/aztec/description.uk.utf8
share/stellarium/skycultures/aztec/edificios.png
share/stellarium/skycultures/aztec/info.ini
share/stellarium/skycultures/aztec/mamalhuaztli.png
share/stellarium/skycultures/aztec/mamalhuaztli_image.png
share/stellarium/skycultures/aztec/mamalhuaztli_t.png
share/stellarium/skycultures/aztec/nanahuatzin.png
share/stellarium/skycultures/aztec/star_names.fab
share/stellarium/skycultures/aztec/tianquiztli.png
share/stellarium/skycultures/aztec/tiaquitztli_image.png
share/stellarium/skycultures/aztec/xonecuilli.png
share/stellarium/skycultures/aztec/xonecuilli_Glifo.png
share/stellarium/skycultures/aztec/xonecuilli_crop.png
share/stellarium/skycultures/aztec/xonecuilli_t.png
share/stellarium/skycultures/boorong/
share/stellarium/skycultures/boorong/berm.png
share/stellarium/skycultures/boorong/bunya.png
share/stellarium/skycultures/boorong/collenbit.png
share/stellarium/skycultures/boorong/constellation_names.eng.fab
share/stellarium/skycultures/boorong/constellations_boundaries.dat
share/stellarium/skycultures/boorong/constellationsart.fab
share/stellarium/skycultures/boorong/constellationship.fab
share/stellarium/skycultures/boorong/cwar.png
share/stellarium/skycultures/boorong/cwarepil.png
share/stellarium/skycultures/boorong/description.de.utf8
share/stellarium/skycultures/boorong/description.en.utf8
share/stellarium/skycultures/boorong/description.ru.utf8
share/stellarium/skycultures/boorong/description.uk.utf8
share/stellarium/skycultures/boorong/djuit.png
share/stellarium/skycultures/boorong/gellarlec.png
share/stellarium/skycultures/boorong/info.ini
share/stellarium/skycultures/boorong/karik.png
share/stellarium/skycultures/boorong/kourtchinl.png
share/stellarium/skycultures/boorong/kourtchins.png
share/stellarium/skycultures/boorong/kulkunbulla.png
share/stellarium/skycultures/boorong/larnankurrk.png
share/stellarium/skycultures/boorong/marpeank.png
share/stellarium/skycultures/boorong/mindi.png
share/stellarium/skycultures/boorong/neilloan.png
share/stellarium/skycultures/boorong/otchocut.png
share/stellarium/skycultures/boorong/planet_names.fab
share/stellarium/skycultures/boorong/purra.png
share/stellarium/skycultures/boorong/star_names.fab
share/stellarium/skycultures/boorong/tchingal.png
share/stellarium/skycultures/boorong/totyarguil.png
share/stellarium/skycultures/boorong/tourtbg.png
share/stellarium/skycultures/boorong/unurgun.png
share/stellarium/skycultures/boorong/wanjel.png
share/stellarium/skycultures/boorong/war.png
share/stellarium/skycultures/boorong/warepil.png
share/stellarium/skycultures/boorong/weetkurrk.png
share/stellarium/skycultures/boorong/won.png
share/stellarium/skycultures/boorong/yerredkr.png
share/stellarium/skycultures/boorong/yurree.png
share/stellarium/skycultures/chinese/
share/stellarium/skycultures/chinese/constellation_names.eng.fab
share/stellarium/skycultures/chinese/constellations_boundaries.dat
share/stellarium/skycultures/chinese/constellationship.fab
share/stellarium/skycultures/chinese/description.ar.utf8
share/stellarium/skycultures/chinese/description.be.utf8
share/stellarium/skycultures/chinese/description.en.utf8
share/stellarium/skycultures/chinese/description.fr.utf8
share/stellarium/skycultures/chinese/description.it.utf8
share/stellarium/skycultures/chinese/description.pt_BR.utf8
share/stellarium/skycultures/chinese/description.ru.utf8
share/stellarium/skycultures/chinese/description.uk.utf8
share/stellarium/skycultures/chinese/info.ini
share/stellarium/skycultures/chinese/star_names.fab
share/stellarium/skycultures/egyptian/
share/stellarium/skycultures/egyptian/constellation_names.eng.fab
share/stellarium/skycultures/egyptian/constellations_boundaries.dat
share/stellarium/skycultures/egyptian/constellationship.fab
share/stellarium/skycultures/egyptian/description.ar.utf8
share/stellarium/skycultures/egyptian/description.be.utf8
share/stellarium/skycultures/egyptian/description.bs.utf8
share/stellarium/skycultures/egyptian/description.de.utf8
share/stellarium/skycultures/egyptian/description.en.utf8
share/stellarium/skycultures/egyptian/description.fr.utf8
share/stellarium/skycultures/egyptian/description.it.utf8
share/stellarium/skycultures/egyptian/description.nb.utf8
share/stellarium/skycultures/egyptian/description.pt_BR.utf8
share/stellarium/skycultures/egyptian/description.ru.utf8
share/stellarium/skycultures/egyptian/description.uk.utf8
share/stellarium/skycultures/egyptian/info.ini
share/stellarium/skycultures/egyptian/star_names.fab
share/stellarium/skycultures/indian/
share/stellarium/skycultures/indian/aquarius.png
share/stellarium/skycultures/indian/aries.png
share/stellarium/skycultures/indian/cancer.png
share/stellarium/skycultures/indian/canis-major.png
share/stellarium/skycultures/indian/capricornus.png
share/stellarium/skycultures/indian/constellation_names.eng.fab
share/stellarium/skycultures/indian/constellations_boundaries.dat
share/stellarium/skycultures/indian/constellationsart.fab
share/stellarium/skycultures/indian/constellationship.fab
share/stellarium/skycultures/indian/description.ar.utf8
share/stellarium/skycultures/indian/description.be.utf8
share/stellarium/skycultures/indian/description.bs.utf8
share/stellarium/skycultures/indian/description.de.utf8
share/stellarium/skycultures/indian/description.en.utf8
share/stellarium/skycultures/indian/description.fr.utf8
share/stellarium/skycultures/indian/description.pt_BR.utf8
share/stellarium/skycultures/indian/description.ru.utf8
share/stellarium/skycultures/indian/description.uk.utf8
share/stellarium/skycultures/indian/gemini.png
share/stellarium/skycultures/indian/info.ini
share/stellarium/skycultures/indian/leo.png
share/stellarium/skycultures/indian/libra.png
share/stellarium/skycultures/indian/orion.png
share/stellarium/skycultures/indian/pisces.png
share/stellarium/skycultures/indian/planet_names.fab
share/stellarium/skycultures/indian/sagittarius.png
share/stellarium/skycultures/indian/scorpius.png
share/stellarium/skycultures/indian/star_names.fab
share/stellarium/skycultures/indian/taurus.png
share/stellarium/skycultures/indian/virgo.png
share/stellarium/skycultures/inuit/
share/stellarium/skycultures/inuit/blubber-container.png
share/stellarium/skycultures/inuit/breastbone.png
share/stellarium/skycultures/inuit/caribou.png
share/stellarium/skycultures/inuit/collarbones.png
share/stellarium/skycultures/inuit/constellation_names.eng.fab
share/stellarium/skycultures/inuit/constellations_boundaries.dat
share/stellarium/skycultures/inuit/constellationsart.fab
share/stellarium/skycultures/inuit/constellationship.fab
share/stellarium/skycultures/inuit/description.ar.utf8
share/stellarium/skycultures/inuit/description.be.utf8
share/stellarium/skycultures/inuit/description.de.utf8
share/stellarium/skycultures/inuit/description.en.utf8
share/stellarium/skycultures/inuit/description.fr.utf8
share/stellarium/skycultures/inuit/description.it.utf8
share/stellarium/skycultures/inuit/description.pt_BR.utf8
share/stellarium/skycultures/inuit/description.ru.utf8
share/stellarium/skycultures/inuit/description.uk.utf8
share/stellarium/skycultures/inuit/dogs.png
share/stellarium/skycultures/inuit/info.ini
share/stellarium/skycultures/inuit/lamp-stand.png
share/stellarium/skycultures/inuit/runners.png
share/stellarium/skycultures/inuit/star_names.fab
share/stellarium/skycultures/inuit/the-one-behind.png
share/stellarium/skycultures/inuit/two-in-front.png
share/stellarium/skycultures/inuit/two-placed-far-apart.png
share/stellarium/skycultures/inuit/two-sunbeams.png
share/stellarium/skycultures/japanese_moon_stations/
share/stellarium/skycultures/japanese_moon_stations/chart.png
share/stellarium/skycultures/japanese_moon_stations/constellation_names.eng.fab
share/stellarium/skycultures/japanese_moon_stations/constellations_boundaries.dat
share/stellarium/skycultures/japanese_moon_stations/constellationship.fab
share/stellarium/skycultures/japanese_moon_stations/description.en.utf8
share/stellarium/skycultures/japanese_moon_stations/description.uk.utf8
share/stellarium/skycultures/japanese_moon_stations/info.ini
share/stellarium/skycultures/japanese_moon_stations/mn01.png
share/stellarium/skycultures/japanese_moon_stations/mn02.png
share/stellarium/skycultures/japanese_moon_stations/mn03.png
share/stellarium/skycultures/japanese_moon_stations/mn04.png
share/stellarium/skycultures/japanese_moon_stations/mn05.png
share/stellarium/skycultures/japanese_moon_stations/mn06.png
share/stellarium/skycultures/japanese_moon_stations/mn07.png
share/stellarium/skycultures/japanese_moon_stations/mn08.png
share/stellarium/skycultures/japanese_moon_stations/mn09.png
share/stellarium/skycultures/japanese_moon_stations/mn10.png
share/stellarium/skycultures/japanese_moon_stations/mn11.png
share/stellarium/skycultures/japanese_moon_stations/mn12.png
share/stellarium/skycultures/japanese_moon_stations/mn13.png
share/stellarium/skycultures/japanese_moon_stations/mn14.png
share/stellarium/skycultures/japanese_moon_stations/mn15.png
share/stellarium/skycultures/japanese_moon_stations/mn16.png
share/stellarium/skycultures/japanese_moon_stations/mn17.png
share/stellarium/skycultures/japanese_moon_stations/mn18.png
share/stellarium/skycultures/japanese_moon_stations/mn19.png
share/stellarium/skycultures/japanese_moon_stations/mn20.png
share/stellarium/skycultures/japanese_moon_stations/mn21.png
share/stellarium/skycultures/japanese_moon_stations/mn22.png
share/stellarium/skycultures/japanese_moon_stations/mn23.png
share/stellarium/skycultures/japanese_moon_stations/mn24.png
share/stellarium/skycultures/japanese_moon_stations/mn25.png
share/stellarium/skycultures/japanese_moon_stations/mn26.png
share/stellarium/skycultures/japanese_moon_stations/mn27.png
share/stellarium/skycultures/japanese_moon_stations/mn28.png
share/stellarium/skycultures/japanese_moon_stations/star_names.fab
share/stellarium/skycultures/korean/
share/stellarium/skycultures/korean/constellation_names.eng.fab
share/stellarium/skycultures/korean/constellation_names.exp.fab
share/stellarium/skycultures/korean/constellations_boundaries.dat
share/stellarium/skycultures/korean/constellationsart.fab
share/stellarium/skycultures/korean/constellationship.fab
share/stellarium/skycultures/korean/description.ar.utf8
share/stellarium/skycultures/korean/description.be.utf8
share/stellarium/skycultures/korean/description.de.utf8
share/stellarium/skycultures/korean/description.en.utf8
share/stellarium/skycultures/korean/description.fr.utf8
share/stellarium/skycultures/korean/description.it.utf8
share/stellarium/skycultures/korean/description.pt_BR.utf8
share/stellarium/skycultures/korean/description.ru.utf8
share/stellarium/skycultures/korean/description.uk.utf8
share/stellarium/skycultures/korean/info.ini
share/stellarium/skycultures/korean/star_names.fab
share/stellarium/skycultures/lakota/
share/stellarium/skycultures/lakota/constellation_names.eng.fab
share/stellarium/skycultures/lakota/constellations_boundaries.dat
share/stellarium/skycultures/lakota/constellationsart.fab
share/stellarium/skycultures/lakota/constellationship.fab
share/stellarium/skycultures/lakota/description.ar.utf8
share/stellarium/skycultures/lakota/description.be.utf8
share/stellarium/skycultures/lakota/description.bs.utf8
share/stellarium/skycultures/lakota/description.de.utf8
share/stellarium/skycultures/lakota/description.en.utf8
share/stellarium/skycultures/lakota/description.fr.utf8
share/stellarium/skycultures/lakota/description.it.utf8
share/stellarium/skycultures/lakota/description.pt_BR.utf8
share/stellarium/skycultures/lakota/description.ru.utf8
share/stellarium/skycultures/lakota/description.uk.utf8
share/stellarium/skycultures/lakota/info.ini
share/stellarium/skycultures/lakota/star_names.fab
share/stellarium/skycultures/maori/
share/stellarium/skycultures/maori/constellation_names.eng.fab
share/stellarium/skycultures/maori/constellations_boundaries.dat
share/stellarium/skycultures/maori/constellationsart.fab
share/stellarium/skycultures/maori/constellationship.fab
share/stellarium/skycultures/maori/description.ar.utf8
share/stellarium/skycultures/maori/description.be.utf8
share/stellarium/skycultures/maori/description.de.utf8
share/stellarium/skycultures/maori/description.en.utf8
share/stellarium/skycultures/maori/description.fr.utf8
share/stellarium/skycultures/maori/description.it.utf8
share/stellarium/skycultures/maori/description.pt_BR.utf8
share/stellarium/skycultures/maori/description.ru.utf8
share/stellarium/skycultures/maori/description.uk.utf8
share/stellarium/skycultures/maori/info.ini
share/stellarium/skycultures/maori/planet_names.fab
share/stellarium/skycultures/maori/star_names.fab
share/stellarium/skycultures/mongolian/
share/stellarium/skycultures/mongolian/constellation_names.eng.fab
share/stellarium/skycultures/mongolian/constellation_names.fr.fab
share/stellarium/skycultures/mongolian/constellations_boundaries.dat
share/stellarium/skycultures/mongolian/constellationship.fab
share/stellarium/skycultures/mongolian/description.en.utf8
share/stellarium/skycultures/mongolian/description.fr.utf8
share/stellarium/skycultures/mongolian/description.uk.utf8
share/stellarium/skycultures/mongolian/doloon_burkhan.png
share/stellarium/skycultures/mongolian/info.ini
share/stellarium/skycultures/mongolian/planet_names.fab
share/stellarium/skycultures/mongolian/star_names.fab
share/stellarium/skycultures/navajo/
share/stellarium/skycultures/navajo/constellation_names.eng.fab
share/stellarium/skycultures/navajo/constellations_boundaries.dat
share/stellarium/skycultures/navajo/constellationship.fab
share/stellarium/skycultures/navajo/description.ar.utf8
share/stellarium/skycultures/navajo/description.be.utf8
share/stellarium/skycultures/navajo/description.bs.utf8
share/stellarium/skycultures/navajo/description.de.utf8
share/stellarium/skycultures/navajo/description.en.utf8
share/stellarium/skycultures/navajo/description.fr.utf8
share/stellarium/skycultures/navajo/description.it.utf8
share/stellarium/skycultures/navajo/description.pt_BR.utf8
share/stellarium/skycultures/navajo/description.ru.utf8
share/stellarium/skycultures/navajo/description.uk.utf8
share/stellarium/skycultures/navajo/info.ini
share/stellarium/skycultures/navajo/star_names.fab
share/stellarium/skycultures/norse/
share/stellarium/skycultures/norse/constellation_names.eng.fab
share/stellarium/skycultures/norse/constellations_boundaries.dat
share/stellarium/skycultures/norse/constellationship.fab
share/stellarium/skycultures/norse/description.ar.utf8
share/stellarium/skycultures/norse/description.be.utf8
share/stellarium/skycultures/norse/description.bs.utf8
share/stellarium/skycultures/norse/description.de.utf8
share/stellarium/skycultures/norse/description.en.utf8
share/stellarium/skycultures/norse/description.fr.utf8
share/stellarium/skycultures/norse/description.it.utf8
share/stellarium/skycultures/norse/description.nb.utf8
share/stellarium/skycultures/norse/description.pt_BR.utf8
share/stellarium/skycultures/norse/description.ru.utf8
share/stellarium/skycultures/norse/description.uk.utf8
share/stellarium/skycultures/norse/info.ini
share/stellarium/skycultures/norse/star_names.fab
share/stellarium/skycultures/polynesian/
share/stellarium/skycultures/polynesian/constellation_names.eng.fab
share/stellarium/skycultures/polynesian/constellations_boundaries.dat
share/stellarium/skycultures/polynesian/constellationsart.fab
share/stellarium/skycultures/polynesian/constellationship.fab
share/stellarium/skycultures/polynesian/description.ar.utf8
share/stellarium/skycultures/polynesian/description.be.utf8
share/stellarium/skycultures/polynesian/description.de.utf8
share/stellarium/skycultures/polynesian/description.en.utf8
share/stellarium/skycultures/polynesian/description.fr.utf8
share/stellarium/skycultures/polynesian/description.it.utf8
share/stellarium/skycultures/polynesian/description.pt_BR.utf8
share/stellarium/skycultures/polynesian/description.ru.utf8
share/stellarium/skycultures/polynesian/description.uk.utf8
share/stellarium/skycultures/polynesian/info.ini
share/stellarium/skycultures/polynesian/star_names.fab
share/stellarium/skycultures/romanian/
share/stellarium/skycultures/romanian/CapraCuTreiIezi.png
share/stellarium/skycultures/romanian/CarulMare.png
share/stellarium/skycultures/romanian/CiobanulCuOile.png
share/stellarium/skycultures/romanian/CloscaCuPui.png
share/stellarium/skycultures/romanian/Coasa.png
share/stellarium/skycultures/romanian/FataCuColibita.png
share/stellarium/skycultures/romanian/Hora.png
share/stellarium/skycultures/romanian/JgheabulSiPutul.png
share/stellarium/skycultures/romanian/Tronul.png
share/stellarium/skycultures/romanian/arcasul.png
share/stellarium/skycultures/romanian/balaurul.png
share/stellarium/skycultures/romanian/barda.png
share/stellarium/skycultures/romanian/berbecul.png
share/stellarium/skycultures/romanian/calul.png
share/stellarium/skycultures/romanian/cantarul.png
share/stellarium/skycultures/romanian/carul-mic.png
share/stellarium/skycultures/romanian/catelul.png
share/stellarium/skycultures/romanian/chitul.png
share/stellarium/skycultures/romanian/constellation_names.eng.fab
share/stellarium/skycultures/romanian/constellation_names.ro.fab
share/stellarium/skycultures/romanian/constellations_boundaries.dat
share/stellarium/skycultures/romanian/constellationsart.fab
share/stellarium/skycultures/romanian/constellationship.fab
share/stellarium/skycultures/romanian/corbul.png
share/stellarium/skycultures/romanian/crapii.png
share/stellarium/skycultures/romanian/crucea-mare.png
share/stellarium/skycultures/romanian/crucea-mica.png
share/stellarium/skycultures/romanian/description.en.utf8
share/stellarium/skycultures/romanian/description.pt_BR.utf8
share/stellarium/skycultures/romanian/description.ro.utf8
share/stellarium/skycultures/romanian/description.ru.utf8
share/stellarium/skycultures/romanian/description.uk.utf8
share/stellarium/skycultures/romanian/dulaul.png
share/stellarium/skycultures/romanian/fecioara.png
share/stellarium/skycultures/romanian/gemenii.png
share/stellarium/skycultures/romanian/info.ini
share/stellarium/skycultures/romanian/omul.png
share/stellarium/skycultures/romanian/porumbita.png
share/stellarium/skycultures/romanian/racul.png
share/stellarium/skycultures/romanian/rarita.png
share/stellarium/skycultures/romanian/sagetatorul.png
share/stellarium/skycultures/romanian/sarpele.png
share/stellarium/skycultures/romanian/scorpia.png
share/stellarium/skycultures/romanian/secera.png
share/stellarium/skycultures/romanian/sfredelul.png
share/stellarium/skycultures/romanian/star_names.fab
share/stellarium/skycultures/romanian/tapul.png
share/stellarium/skycultures/romanian/taurul.png
share/stellarium/skycultures/romanian/trisfetitele.png
share/stellarium/skycultures/romanian/vacarul.png
share/stellarium/skycultures/romanian/varsatorul.png
share/stellarium/skycultures/romanian/vierii.png
share/stellarium/skycultures/sami/
share/stellarium/skycultures/sami/constellation_names.eng.fab
share/stellarium/skycultures/sami/constellations_boundaries.dat
share/stellarium/skycultures/sami/constellationship.fab
share/stellarium/skycultures/sami/description.ar.utf8
share/stellarium/skycultures/sami/description.be.utf8
share/stellarium/skycultures/sami/description.en.utf8
share/stellarium/skycultures/sami/description.fr.utf8
share/stellarium/skycultures/sami/description.nb.utf8
share/stellarium/skycultures/sami/description.pt_BR.utf8
share/stellarium/skycultures/sami/description.ru.utf8
share/stellarium/skycultures/sami/description.uk.utf8
share/stellarium/skycultures/sami/info.ini
share/stellarium/skycultures/sami/star_names.fab
share/stellarium/skycultures/siberian/
share/stellarium/skycultures/siberian/constellation_names.eng.fab
share/stellarium/skycultures/siberian/constellations_boundaries.dat
share/stellarium/skycultures/siberian/constellationship.fab
share/stellarium/skycultures/siberian/description.en.utf8
share/stellarium/skycultures/siberian/description.ru.utf8
share/stellarium/skycultures/siberian/description.uk.utf8
share/stellarium/skycultures/siberian/info.ini
share/stellarium/skycultures/siberian/planet_names.fab
share/stellarium/skycultures/siberian/star_names.fab
share/stellarium/skycultures/tongan/
share/stellarium/skycultures/tongan/constellation_names.eng.fab
share/stellarium/skycultures/tongan/constellations_boundaries.dat
share/stellarium/skycultures/tongan/constellationsart.fab
share/stellarium/skycultures/tongan/constellationship.fab
share/stellarium/skycultures/tongan/description.ar.utf8
share/stellarium/skycultures/tongan/description.be.utf8
share/stellarium/skycultures/tongan/description.de.utf8
share/stellarium/skycultures/tongan/description.en.utf8
share/stellarium/skycultures/tongan/description.fr.utf8
share/stellarium/skycultures/tongan/description.pt_BR.utf8
share/stellarium/skycultures/tongan/description.ru.utf8
share/stellarium/skycultures/tongan/description.uk.utf8
share/stellarium/skycultures/tongan/info.ini
share/stellarium/skycultures/tongan/planet_names.fab
share/stellarium/skycultures/tongan/star_names.fab
share/stellarium/skycultures/tukano/
share/stellarium/skycultures/tukano/Calendario_Tukano.png
share/stellarium/skycultures/tukano/constellation_names.eng.fab
share/stellarium/skycultures/tukano/constellations_boundaries.dat
share/stellarium/skycultures/tukano/constellationsart.fab
share/stellarium/skycultures/tukano/constellationship.fab
share/stellarium/skycultures/tukano/description.en.utf8
share/stellarium/skycultures/tukano/description.uk.utf8
share/stellarium/skycultures/tukano/info.ini
share/stellarium/skycultures/tukano/star_names.fab
share/stellarium/skycultures/tupi/
share/stellarium/skycultures/tupi/constellation_names.eng.fab
share/stellarium/skycultures/tupi/constellations_boundaries.dat
share/stellarium/skycultures/tupi/constellationsart.fab
share/stellarium/skycultures/tupi/constellationship.fab
share/stellarium/skycultures/tupi/description.ar.utf8
share/stellarium/skycultures/tupi/description.be.utf8
share/stellarium/skycultures/tupi/description.de.utf8
share/stellarium/skycultures/tupi/description.en.utf8
share/stellarium/skycultures/tupi/description.fr.utf8
share/stellarium/skycultures/tupi/description.it.utf8
share/stellarium/skycultures/tupi/description.pt_BR.utf8
share/stellarium/skycultures/tupi/description.ru.utf8
share/stellarium/skycultures/tupi/description.uk.utf8
share/stellarium/skycultures/tupi/info.ini
share/stellarium/skycultures/tupi/star_names.fab
share/stellarium/skycultures/western/
share/stellarium/skycultures/western/andromeda.png
share/stellarium/skycultures/western/antlia.png
share/stellarium/skycultures/western/apus.png
share/stellarium/skycultures/western/aquarius.png
share/stellarium/skycultures/western/aquila.png
share/stellarium/skycultures/western/ara.png
share/stellarium/skycultures/western/argonavis.png
share/stellarium/skycultures/western/aries.png
share/stellarium/skycultures/western/auriga.png
share/stellarium/skycultures/western/bootes.png
share/stellarium/skycultures/western/caelum.png
share/stellarium/skycultures/western/camelopardalis.png
share/stellarium/skycultures/western/cancer.png
share/stellarium/skycultures/western/canes-venatici.png
share/stellarium/skycultures/western/canis-major.png
share/stellarium/skycultures/western/canis-minor.png
share/stellarium/skycultures/western/capricornus.png
share/stellarium/skycultures/western/cassiopeia.png
share/stellarium/skycultures/western/centaurus.png
share/stellarium/skycultures/western/cepheus.png
share/stellarium/skycultures/western/cetus.png
share/stellarium/skycultures/western/chamaeleon.png
share/stellarium/skycultures/western/circinus.png
share/stellarium/skycultures/western/columba.png
share/stellarium/skycultures/western/coma-berenices.png
share/stellarium/skycultures/western/constellation_names.eng.fab
share/stellarium/skycultures/western/constellations_boundaries.dat
share/stellarium/skycultures/western/constellationsart.fab
share/stellarium/skycultures/western/constellationship.fab
share/stellarium/skycultures/western/corona-australis.png
share/stellarium/skycultures/western/corona-borealis.png
share/stellarium/skycultures/western/corvus.png
share/stellarium/skycultures/western/crater.png
share/stellarium/skycultures/western/crux.png
share/stellarium/skycultures/western/cygnus.png
share/stellarium/skycultures/western/delphinus.png
share/stellarium/skycultures/western/description.ar.utf8
share/stellarium/skycultures/western/description.be.utf8
share/stellarium/skycultures/western/description.en.utf8
share/stellarium/skycultures/western/description.fr.utf8
share/stellarium/skycultures/western/description.hu.utf8
share/stellarium/skycultures/western/description.it.utf8
share/stellarium/skycultures/western/description.nb.utf8
share/stellarium/skycultures/western/description.nl.utf8
share/stellarium/skycultures/western/description.pt_BR.utf8
share/stellarium/skycultures/western/description.ru.utf8
share/stellarium/skycultures/western/description.uk.utf8
share/stellarium/skycultures/western/dorado.png
share/stellarium/skycultures/western/draco.png
share/stellarium/skycultures/western/equuleus.png
share/stellarium/skycultures/western/eridanus.png
share/stellarium/skycultures/western/fornax.png
share/stellarium/skycultures/western/gemini.png
share/stellarium/skycultures/western/grus.png
share/stellarium/skycultures/western/hercules.png
share/stellarium/skycultures/western/horlogium.png
share/stellarium/skycultures/western/hydra.png
share/stellarium/skycultures/western/hydrus.png
share/stellarium/skycultures/western/indus.png
share/stellarium/skycultures/western/info.ini
share/stellarium/skycultures/western/lacerta.png
share/stellarium/skycultures/western/leo-minor.png
share/stellarium/skycultures/western/leo.png
share/stellarium/skycultures/western/lepus.png
share/stellarium/skycultures/western/libra.png
share/stellarium/skycultures/western/lupus.png
share/stellarium/skycultures/western/lynx.png
share/stellarium/skycultures/western/lyra.png
share/stellarium/skycultures/western/mensa.png
share/stellarium/skycultures/western/microscopium.png
share/stellarium/skycultures/western/monoceros.png
share/stellarium/skycultures/western/musca.png
share/stellarium/skycultures/western/norma.png
share/stellarium/skycultures/western/octans.png
share/stellarium/skycultures/western/ophiuchus.png
share/stellarium/skycultures/western/orion.png
share/stellarium/skycultures/western/pavo.png
share/stellarium/skycultures/western/pegasus.png
share/stellarium/skycultures/western/perseus.png
share/stellarium/skycultures/western/phoenix.png
share/stellarium/skycultures/western/pictor.png
share/stellarium/skycultures/western/pisces.png
share/stellarium/skycultures/western/piscis-austrinus.png
share/stellarium/skycultures/western/pyxis.png
share/stellarium/skycultures/western/reticulum.png
share/stellarium/skycultures/western/sagitta.png
share/stellarium/skycultures/western/sagittarius.png
share/stellarium/skycultures/western/scorpius.png
share/stellarium/skycultures/western/sculptor.png
share/stellarium/skycultures/western/scutum.png
share/stellarium/skycultures/western/sextans.png
share/stellarium/skycultures/western/star_names.fab
share/stellarium/skycultures/western/taurus.png
share/stellarium/skycultures/western/telescopium.png
share/stellarium/skycultures/western/triangulum-australe.png
share/stellarium/skycultures/western/triangulum.png
share/stellarium/skycultures/western/tucana.png
share/stellarium/skycultures/western/ursa-major.png
share/stellarium/skycultures/western/ursa-minor.png
share/stellarium/skycultures/western/virgo.png
share/stellarium/skycultures/western/volans.png
share/stellarium/skycultures/western/vulpecula.png
share/stellarium/skycultures/western_rey/
share/stellarium/skycultures/western_rey/Rey_cover.png
share/stellarium/skycultures/western_rey/constellation_names.eng.fab
share/stellarium/skycultures/western_rey/constellationship.fab
share/stellarium/skycultures/western_rey/description.de.utf8
share/stellarium/skycultures/western_rey/description.en.utf8
share/stellarium/skycultures/western_rey/description.ru.utf8
share/stellarium/skycultures/western_rey/description.uk.utf8
share/stellarium/skycultures/western_rey/info.ini
share/stellarium/skycultures/western_rey/star_names.fab
share/stellarium/stars/
share/stellarium/stars/default/
share/stellarium/stars/default/defaultStarsConfig.json
share/stellarium/stars/default/gcvs_hip_part.dat
share/stellarium/stars/default/name.fab
share/stellarium/stars/default/stars_0_0v0_5.cat
share/stellarium/stars/default/stars_1_0v0_5.cat
share/stellarium/stars/default/stars_2_0v0_5.cat
share/stellarium/stars/default/stars_3_1v0_3.cat
share/stellarium/stars/default/stars_hip_cids_0v0_0.cat
share/stellarium/stars/default/stars_hip_sp_0v0_0.cat
share/stellarium/textures/
share/stellarium/textures/amalthea.png
share/stellarium/textures/ariel.png
share/stellarium/textures/bianca.png
share/stellarium/textures/callisto.png
share/stellarium/textures/ceres.png
share/stellarium/textures/charon.png
share/stellarium/textures/comet.png
share/stellarium/textures/cometComa.png
share/stellarium/textures/cometTail.png
share/stellarium/textures/corona.png
share/stellarium/textures/deimos.png
share/stellarium/textures/dione.png
share/stellarium/textures/earth-clouds.png
share/stellarium/textures/earth-shadow.png
share/stellarium/textures/earth_cmap.png
share/stellarium/textures/earthmap.png
share/stellarium/textures/enceladus.png
share/stellarium/textures/epimetheus.png
share/stellarium/textures/eros.png
share/stellarium/textures/europa.png
share/stellarium/textures/fog.png
share/stellarium/textures/fogridge.png
share/stellarium/textures/ganymede.png
share/stellarium/textures/gaspra.png
share/stellarium/textures/halo.png
share/stellarium/textures/haloLune.png
share/stellarium/textures/hyperion.png
share/stellarium/textures/iapetus.png
share/stellarium/textures/ida.png
share/stellarium/textures/io.png
share/stellarium/textures/janus.png
share/stellarium/textures/jupiter.png
share/stellarium/textures/lune.png
share/stellarium/textures/mars.png
share/stellarium/textures/mercury.png
share/stellarium/textures/milkyway.png
share/stellarium/textures/mimas.png
share/stellarium/textures/miranda.png
share/stellarium/textures/moon.png
share/stellarium/textures/moon_normals.png
share/stellarium/textures/neb.png
share/stellarium/textures/neb_dif.png
share/stellarium/textures/neb_drk.png
share/stellarium/textures/neb_gal.png
share/stellarium/textures/neb_gcl.png
share/stellarium/textures/neb_ocl.png
share/stellarium/textures/neb_ocln.png
share/stellarium/textures/neb_pnb.png
share/stellarium/textures/neptune.png
share/stellarium/textures/neptune_rings.png
share/stellarium/textures/nomap.png
share/stellarium/textures/oberon.png
share/stellarium/textures/phobos.png
share/stellarium/textures/phoebe.png
share/stellarium/textures/planet-indicator.png
share/stellarium/textures/pluto.png
share/stellarium/textures/pointeur2.png
share/stellarium/textures/pointeur4.png
share/stellarium/textures/pointeur5.png
share/stellarium/textures/prometheus.png
share/stellarium/textures/proteus.png
share/stellarium/textures/rhea.png
share/stellarium/textures/saturn.png
share/stellarium/textures/saturn_rings_radial.png
share/stellarium/textures/star16x16.png
share/stellarium/textures/sun.png
share/stellarium/textures/telescope.png
share/stellarium/textures/tethys.png
share/stellarium/textures/titan.png
share/stellarium/textures/titania.png
share/stellarium/textures/triton.png
share/stellarium/textures/umbriel.png
share/stellarium/textures/uranus.png
share/stellarium/textures/uranus_rings.png
share/stellarium/textures/venus.png
share/stellarium/textures/vesta.png
share/stellarium/textures/zenith.png
share/stellarium/textures/zodiacallight_2004.png
share/stellarium/textures/zodiacallight_painted.png
share/stellarium/translations/
share/stellarium/translations/stellarium/
share/stellarium/translations/stellarium-skycultures/
share/stellarium/translations/stellarium-skycultures/aa.qm
share/stellarium/translations/stellarium-skycultures/ab.qm
share/stellarium/translations/stellarium-skycultures/ae.qm
share/stellarium/translations/stellarium-skycultures/af.qm
share/stellarium/translations/stellarium-skycultures/ak.qm
share/stellarium/translations/stellarium-skycultures/am.qm
share/stellarium/translations/stellarium-skycultures/an.qm
share/stellarium/translations/stellarium-skycultures/ar.qm
share/stellarium/translations/stellarium-skycultures/as.qm
share/stellarium/translations/stellarium-skycultures/ast.qm
share/stellarium/translations/stellarium-skycultures/av.qm
share/stellarium/translations/stellarium-skycultures/az.qm
share/stellarium/translations/stellarium-skycultures/ba.qm
share/stellarium/translations/stellarium-skycultures/be.qm
share/stellarium/translations/stellarium-skycultures/bg.qm
share/stellarium/translations/stellarium-skycultures/bh.qm
share/stellarium/translations/stellarium-skycultures/bi.qm
share/stellarium/translations/stellarium-skycultures/bn.qm
share/stellarium/translations/stellarium-skycultures/bo.qm
share/stellarium/translations/stellarium-skycultures/br.qm
share/stellarium/translations/stellarium-skycultures/bs.qm
share/stellarium/translations/stellarium-skycultures/ca.qm
share/stellarium/translations/stellarium-skycultures/ce.qm
share/stellarium/translations/stellarium-skycultures/ckb.qm
share/stellarium/translations/stellarium-skycultures/cs.qm
share/stellarium/translations/stellarium-skycultures/csb.qm
share/stellarium/translations/stellarium-skycultures/cv.qm
share/stellarium/translations/stellarium-skycultures/cy.qm
share/stellarium/translations/stellarium-skycultures/da.qm
share/stellarium/translations/stellarium-skycultures/de.qm
share/stellarium/translations/stellarium-skycultures/dv.qm
share/stellarium/translations/stellarium-skycultures/el.qm
share/stellarium/translations/stellarium-skycultures/en.qm
share/stellarium/translations/stellarium-skycultures/en_AU.qm
share/stellarium/translations/stellarium-skycultures/en_CA.qm
share/stellarium/translations/stellarium-skycultures/en_GB.qm
share/stellarium/translations/stellarium-skycultures/en_US.qm
share/stellarium/translations/stellarium-skycultures/eo.qm
share/stellarium/translations/stellarium-skycultures/es.qm
share/stellarium/translations/stellarium-skycultures/et.qm
share/stellarium/translations/stellarium-skycultures/eu.qm
share/stellarium/translations/stellarium-skycultures/fa.qm
share/stellarium/translations/stellarium-skycultures/fi.qm
share/stellarium/translations/stellarium-skycultures/fil.qm
share/stellarium/translations/stellarium-skycultures/fj.qm
share/stellarium/translations/stellarium-skycultures/fr.qm
share/stellarium/translations/stellarium-skycultures/fy.qm
share/stellarium/translations/stellarium-skycultures/ga.qm
share/stellarium/translations/stellarium-skycultures/gd.qm
share/stellarium/translations/stellarium-skycultures/gl.qm
share/stellarium/translations/stellarium-skycultures/gn.qm
share/stellarium/translations/stellarium-skycultures/gu.qm
share/stellarium/translations/stellarium-skycultures/gv.qm
share/stellarium/translations/stellarium-skycultures/haw.qm
share/stellarium/translations/stellarium-skycultures/he.qm
share/stellarium/translations/stellarium-skycultures/hi.qm
share/stellarium/translations/stellarium-skycultures/hne.qm
share/stellarium/translations/stellarium-skycultures/hr.qm
share/stellarium/translations/stellarium-skycultures/hrx.qm
share/stellarium/translations/stellarium-skycultures/ht.qm
share/stellarium/translations/stellarium-skycultures/hu.qm
share/stellarium/translations/stellarium-skycultures/hy.qm
share/stellarium/translations/stellarium-skycultures/ia.qm
share/stellarium/translations/stellarium-skycultures/id.qm
share/stellarium/translations/stellarium-skycultures/is.qm
share/stellarium/translations/stellarium-skycultures/it.qm
share/stellarium/translations/stellarium-skycultures/ja.qm
share/stellarium/translations/stellarium-skycultures/jv.qm
share/stellarium/translations/stellarium-skycultures/ka.qm
share/stellarium/translations/stellarium-skycultures/kg.qm
share/stellarium/translations/stellarium-skycultures/kk.qm
share/stellarium/translations/stellarium-skycultures/km.qm
share/stellarium/translations/stellarium-skycultures/kn.qm
share/stellarium/translations/stellarium-skycultures/ko.qm
share/stellarium/translations/stellarium-skycultures/ky.qm
share/stellarium/translations/stellarium-skycultures/la.qm
share/stellarium/translations/stellarium-skycultures/lb.qm
share/stellarium/translations/stellarium-skycultures/lo.qm
share/stellarium/translations/stellarium-skycultures/lt.qm
share/stellarium/translations/stellarium-skycultures/lv.qm
share/stellarium/translations/stellarium-skycultures/mai.qm
share/stellarium/translations/stellarium-skycultures/mi.qm
share/stellarium/translations/stellarium-skycultures/mk.qm
share/stellarium/translations/stellarium-skycultures/ml.qm
share/stellarium/translations/stellarium-skycultures/mn.qm
share/stellarium/translations/stellarium-skycultures/mo.qm
share/stellarium/translations/stellarium-skycultures/mr.qm
share/stellarium/translations/stellarium-skycultures/ms.qm
share/stellarium/translations/stellarium-skycultures/mt.qm
share/stellarium/translations/stellarium-skycultures/na.qm
share/stellarium/translations/stellarium-skycultures/nan.qm
share/stellarium/translations/stellarium-skycultures/nb.qm
share/stellarium/translations/stellarium-skycultures/nds.qm
share/stellarium/translations/stellarium-skycultures/ne.qm
share/stellarium/translations/stellarium-skycultures/nl.qm
share/stellarium/translations/stellarium-skycultures/nn.qm
share/stellarium/translations/stellarium-skycultures/oc.qm
share/stellarium/translations/stellarium-skycultures/os.qm
share/stellarium/translations/stellarium-skycultures/pa.qm
share/stellarium/translations/stellarium-skycultures/pl.qm
share/stellarium/translations/stellarium-skycultures/pt.qm
share/stellarium/translations/stellarium-skycultures/pt_BR.qm
share/stellarium/translations/stellarium-skycultures/ro.qm
share/stellarium/translations/stellarium-skycultures/ru.qm
share/stellarium/translations/stellarium-skycultures/sah.qm
share/stellarium/translations/stellarium-skycultures/sco.qm
share/stellarium/translations/stellarium-skycultures/se.qm
share/stellarium/translations/stellarium-skycultures/si.qm
share/stellarium/translations/stellarium-skycultures/sk.qm
share/stellarium/translations/stellarium-skycultures/sl.qm
share/stellarium/translations/stellarium-skycultures/sm.qm
share/stellarium/translations/stellarium-skycultures/sq.qm
share/stellarium/translations/stellarium-skycultures/sr.qm
share/stellarium/translations/stellarium-skycultures/su.qm
share/stellarium/translations/stellarium-skycultures/sv.qm
share/stellarium/translations/stellarium-skycultures/sw.qm
share/stellarium/translations/stellarium-skycultures/ta.qm
share/stellarium/translations/stellarium-skycultures/te.qm
share/stellarium/translations/stellarium-skycultures/tg.qm
share/stellarium/translations/stellarium-skycultures/th.qm
share/stellarium/translations/stellarium-skycultures/tl.qm
share/stellarium/translations/stellarium-skycultures/tr.qm
share/stellarium/translations/stellarium-skycultures/tt.qm
share/stellarium/translations/stellarium-skycultures/ug.qm
share/stellarium/translations/stellarium-skycultures/uk.qm
share/stellarium/translations/stellarium-skycultures/uz.qm
share/stellarium/translations/stellarium-skycultures/vi.qm
share/stellarium/translations/stellarium-skycultures/wa.qm
share/stellarium/translations/stellarium-skycultures/xh.qm
share/stellarium/translations/stellarium-skycultures/zh_CN.qm
share/stellarium/translations/stellarium-skycultures/zh_HK.qm
share/stellarium/translations/stellarium-skycultures/zh_TW.qm
share/stellarium/translations/stellarium-skycultures/zu.qm
share/stellarium/translations/stellarium/aa.qm
share/stellarium/translations/stellarium/ab.qm
share/stellarium/translations/stellarium/ae.qm
share/stellarium/translations/stellarium/af.qm
share/stellarium/translations/stellarium/ak.qm
share/stellarium/translations/stellarium/am.qm
share/stellarium/translations/stellarium/an.qm
share/stellarium/translations/stellarium/ar.qm
share/stellarium/translations/stellarium/as.qm
share/stellarium/translations/stellarium/ast.qm
share/stellarium/translations/stellarium/av.qm
share/stellarium/translations/stellarium/az.qm
share/stellarium/translations/stellarium/ba.qm
share/stellarium/translations/stellarium/be.qm
share/stellarium/translations/stellarium/bg.qm
share/stellarium/translations/stellarium/bh.qm
share/stellarium/translations/stellarium/bi.qm
share/stellarium/translations/stellarium/bn.qm
share/stellarium/translations/stellarium/bo.qm
share/stellarium/translations/stellarium/br.qm
share/stellarium/translations/stellarium/bs.qm
share/stellarium/translations/stellarium/ca.qm
share/stellarium/translations/stellarium/ce.qm
share/stellarium/translations/stellarium/ckb.qm
share/stellarium/translations/stellarium/cs.qm
share/stellarium/translations/stellarium/csb.qm
share/stellarium/translations/stellarium/cv.qm
share/stellarium/translations/stellarium/cy.qm
share/stellarium/translations/stellarium/da.qm
share/stellarium/translations/stellarium/de.qm
share/stellarium/translations/stellarium/dv.qm
share/stellarium/translations/stellarium/el.qm
share/stellarium/translations/stellarium/en.qm
share/stellarium/translations/stellarium/en_AU.qm
share/stellarium/translations/stellarium/en_CA.qm
share/stellarium/translations/stellarium/en_GB.qm
share/stellarium/translations/stellarium/en_US.qm
share/stellarium/translations/stellarium/eo.qm
share/stellarium/translations/stellarium/es.qm
share/stellarium/translations/stellarium/et.qm
share/stellarium/translations/stellarium/eu.qm
share/stellarium/translations/stellarium/fa.qm
share/stellarium/translations/stellarium/fi.qm
share/stellarium/translations/stellarium/fil.qm
share/stellarium/translations/stellarium/fj.qm
share/stellarium/translations/stellarium/fr.qm
share/stellarium/translations/stellarium/fy.qm
share/stellarium/translations/stellarium/ga.qm
share/stellarium/translations/stellarium/gd.qm
share/stellarium/translations/stellarium/gl.qm
share/stellarium/translations/stellarium/gn.qm
share/stellarium/translations/stellarium/gu.qm
share/stellarium/translations/stellarium/gv.qm
share/stellarium/translations/stellarium/haw.qm
share/stellarium/translations/stellarium/he.qm
share/stellarium/translations/stellarium/hi.qm
share/stellarium/translations/stellarium/hne.qm
share/stellarium/translations/stellarium/hr.qm
share/stellarium/translations/stellarium/hrx.qm
share/stellarium/translations/stellarium/ht.qm
share/stellarium/translations/stellarium/hu.qm
share/stellarium/translations/stellarium/hy.qm
share/stellarium/translations/stellarium/ia.qm
share/stellarium/translations/stellarium/id.qm
share/stellarium/translations/stellarium/is.qm
share/stellarium/translations/stellarium/it.qm
share/stellarium/translations/stellarium/ja.qm
share/stellarium/translations/stellarium/jv.qm
share/stellarium/translations/stellarium/ka.qm
share/stellarium/translations/stellarium/kg.qm
share/stellarium/translations/stellarium/kk.qm
share/stellarium/translations/stellarium/km.qm
share/stellarium/translations/stellarium/kn.qm
share/stellarium/translations/stellarium/ko.qm
share/stellarium/translations/stellarium/ky.qm
share/stellarium/translations/stellarium/la.qm
share/stellarium/translations/stellarium/lb.qm
share/stellarium/translations/stellarium/lo.qm
share/stellarium/translations/stellarium/lt.qm
share/stellarium/translations/stellarium/lv.qm
share/stellarium/translations/stellarium/mai.qm
share/stellarium/translations/stellarium/mi.qm
share/stellarium/translations/stellarium/mk.qm
share/stellarium/translations/stellarium/ml.qm
share/stellarium/translations/stellarium/mn.qm
share/stellarium/translations/stellarium/mo.qm
share/stellarium/translations/stellarium/mr.qm
share/stellarium/translations/stellarium/ms.qm
share/stellarium/translations/stellarium/mt.qm
share/stellarium/translations/stellarium/na.qm
share/stellarium/translations/stellarium/nan.qm
share/stellarium/translations/stellarium/nb.qm
share/stellarium/translations/stellarium/nds.qm
share/stellarium/translations/stellarium/ne.qm
share/stellarium/translations/stellarium/nl.qm
share/stellarium/translations/stellarium/nn.qm
share/stellarium/translations/stellarium/oc.qm
share/stellarium/translations/stellarium/os.qm
share/stellarium/translations/stellarium/pa.qm
share/stellarium/translations/stellarium/pl.qm
share/stellarium/translations/stellarium/pt.qm
share/stellarium/translations/stellarium/pt_BR.qm
share/stellarium/translations/stellarium/ro.qm
share/stellarium/translations/stellarium/ru.qm
share/stellarium/translations/stellarium/sah.qm
share/stellarium/translations/stellarium/sco.qm
share/stellarium/translations/stellarium/se.qm
share/stellarium/translations/stellarium/si.qm
share/stellarium/translations/stellarium/sk.qm
share/stellarium/translations/stellarium/sl.qm
share/stellarium/translations/stellarium/sm.qm
share/stellarium/translations/stellarium/sq.qm
share/stellarium/translations/stellarium/sr.qm
share/stellarium/translations/stellarium/su.qm
share/stellarium/translations/stellarium/sv.qm
share/stellarium/translations/stellarium/sw.qm
share/stellarium/translations/stellarium/ta.qm
share/stellarium/translations/stellarium/te.qm
share/stellarium/translations/stellarium/tg.qm
share/stellarium/translations/stellarium/th.qm
share/stellarium/translations/stellarium/tl.qm
share/stellarium/translations/stellarium/tr.qm
share/stellarium/translations/stellarium/tt.qm
share/stellarium/translations/stellarium/ug.qm
share/stellarium/translations/stellarium/uk.qm
share/stellarium/translations/stellarium/uz.qm
share/stellarium/translations/stellarium/vi.qm
share/stellarium/translations/stellarium/wa.qm
share/stellarium/translations/stellarium/xh.qm
share/stellarium/translations/stellarium/zh_CN.qm
share/stellarium/translations/stellarium/zh_HK.qm
share/stellarium/translations/stellarium/zh_TW.qm
share/stellarium/translations/stellarium/zu.qm
@exec %D/bin/gtk-update-icon-cache -q -t %D/share/icons/hicolor
@unexec-delete %D/bin/gtk-update-icon-cache -q -t %D/share/icons/hicolor
@exec %D/bin/update-desktop-database
@unexec-delete %D/bin/update-desktop-database
